Phylum,Sub Phylum,Class,Order,Family,Species,Common Name,C-value,Chrom num,Method,Cell type,Std sp,References,References,References
Chordata,Vertebrata,Chondrichthyes, Squaliformes,Oxynotidae,Oxynotus centrina,Angular roughshark,3.55,,FCM,RBC,GD,"Schwartz, F.J. and M.B. Maddock (2002). Cytogenetics of the elasmobranchs: genome evolution and phylogenetic implications. Marine and Freshwater Research 53: 491-502.",,
Chordata,Vertebrata,Chondrichthyes,Carchariniformes,Carcharhinidae,Carcharhinus acronotus,Blacknose shark,3.40,84.00,BFA,RBC,SP,"Hinegardner, R. (1976a). The cellular DNA content of sharks, rays and some other fishes. Comparative Biochemistry and Physiology 55B: 367-370.",,
Chordata,Vertebrata,Chondrichthyes,Carchariniformes,Carcharhinidae,Carcharhinus acronotus,Blacknose shark,3.50,,FCM,RBC,GD,"Schwartz, F.J. and M.B. Maddock (2002). Cytogenetics of the elasmobranchs: genome evolution and phylogenetic implications. Marine and Freshwater Research 53: 491-502.",,
Chordata,Vertebrata,Chondrichthyes,Carchariniformes,Carcharhinidae,Carcharhinus acronotus,Blacknose shark,3.65,,FCM,RBC,GD,"Schwartz, F.J. and M.B. Maddock (1986). Comparisons of karyotypes and cellular DNA contents within and between major lines of elasmobranchs. In: Indo-Pacific Fish Biology, edited by T. Uyeno, R. Arai, T. Taniuchi and K. Matsuura. Ichthyological Society of",,
Chordata,Vertebrata,Chondrichthyes,Carchariniformes,Carcharhinidae,Carcharhinus amblyrhynchos,Grey reef shark,3.42,,FIA,RBC,"BS, GD, OM, RP","Hardie, D.C. and P.D.N. Hebert (2004).  Genome-size evolution in fishes.  Canadian Journal of Fisheries and Aquatic Sciences 61: 1636-1646.  Click here to download data appendix.",,
Chordata,Vertebrata,Chondrichthyes,Carchariniformes,Carcharhinidae,Carcharhinus brachyurus,Copper shark,2.86,,FIA,RBC,"BS, GD, OM, RP","Hardie, D.C. and P.D.N. Hebert (2003). The nucleotypic effects of cellular DNA content in cartilaginous and ray-finned fishes. Genome 46: 683-706.","Hardie, D.C. and P.D.N. Hebert (2004).  Genome-size evolution in fishes.  Canadian Journal of Fisheries and Aquatic Sciences 61: 1636-1646.  Click here to download data appendix.",
Chordata,Vertebrata,Chondrichthyes,Carchariniformes,Carcharhinidae,Carcharhinus galapagensis,Galapagos shark,4.25,,FD,RBC,CP,"Asahida, T. and H. Ida (1995). Karyotype and cellular DNA content of a guitarfish, Rhinobates schlegelii. La Kromosomo II 79-80: 2725-2730.",,
Chordata,Vertebrata,Chondrichthyes,Carchariniformes,Carcharhinidae,Carcharhinus limbatus,Blacktip shark,3.05,,FCM,RBC,GD,"Schwartz, F.J. and M.B. Maddock (2002). Cytogenetics of the elasmobranchs: genome evolution and phylogenetic implications. Marine and Freshwater Research 53: 491-502.",,
Chordata,Vertebrata,Chondrichthyes,Carchariniformes,Carcharhinidae,Carcharhinus limbatus,Blacktip shark,3.70,80.00,BFA,RBC,SP,"Hinegardner, R. (1976a). The cellular DNA content of sharks, rays and some other fishes. Comparative Biochemistry and Physiology 55B: 367-370.",,
Chordata,Vertebrata,Chondrichthyes,Carchariniformes,Carcharhinidae,Carcharhinus limbatus,Blacktip shark,3.90,,FCM,RBC,GD,"Schwartz, F.J. and M.B. Maddock (1986). Comparisons of karyotypes and cellular DNA contents within and between major lines of elasmobranchs. In: Indo-Pacific Fish Biology, edited by T. Uyeno, R. Arai, T. Taniuchi and K. Matsuura. Ichthyological Society of",,
Chordata,Vertebrata,Chondrichthyes,Carchariniformes,Carcharhinidae,Carcharhinus limbatus,Blacktip shark,4.10,,FD,RBC,SC,"Stingo, V., T. Capriglione, L. Rocco, R. Improta, and A. Morescalchi (1989). Genome size and A-T rich DNA in selachians. Genetica 79: 197-205.",,
Chordata,Vertebrata,Chondrichthyes,Carchariniformes,Carcharhinidae,Carcharhinus longimanus,Oceanic whitetip shark,3.34,,FD,RBC,GD,"Mirsky, A.E. and H. Ris (1951). The desoxyribonucleic acid content of animal cells and its evolutionary significance. Journal of General Physiology 34: 451-462.",,
Chordata,Vertebrata,Chondrichthyes,Carchariniformes,Carcharhinidae,Carcharhinus melanopterus,Blacktip reef shark,3.00,,FIA,RBC,"BS, GD, OM, RP","Hardie, D.C. and P.D.N. Hebert (2003). The nucleotypic effects of cellular DNA content in cartilaginous and ray-finned fishes. Genome 46: 683-706.","Hardie, D.C. and P.D.N. Hebert (2004).  Genome-size evolution in fishes.  Canadian Journal of Fisheries and Aquatic Sciences 61: 1636-1646.  Click here to download data appendix.",
Chordata,Vertebrata,Chondrichthyes,Carchariniformes,Carcharhinidae,Carcharhinus obscurus,Dusky shark,2.73,78.00,FD,RBC,GD,"Mirsky, A.E. and H. Ris (1951). The desoxyribonucleic acid content of animal cells and its evolutionary significance. Journal of General Physiology 34: 451-462.",,
Chordata,Vertebrata,Chondrichthyes,Carchariniformes,Carcharhinidae,Carcharhinus obscurus,Dusky shark,3.00,,FD,RBC,CP,"Asahida, T. and H. Ida (1995). Karyotype and cellular DNA content of a guitarfish, Rhinobates schlegelii. La Kromosomo II 79-80: 2725-2730.",,
Chordata,Vertebrata,Chondrichthyes,Carchariniformes,Carcharhinidae,Carcharhinus perezi,Caribbean reef shark,5.85,,FD,RBC,SC,"Stingo, V., T. Capriglione, L. Rocco, R. Improta, and A. Morescalchi (1989). Genome size and A-T rich DNA in selachians. Genetica 79: 197-205.",,
Chordata,Vertebrata,Chondrichthyes,Carchariniformes,Carcharhinidae,Carcharhinus plumbeus,Sandbar shark,2.98,74.00,FD,RBC,CP,"Asahida, T. and H. Ida (1995). Karyotype and cellular DNA content of a guitarfish, Rhinobates schlegelii. La Kromosomo II 79-80: 2725-2730.",,
Chordata,Vertebrata,Chondrichthyes,Carchariniformes,Carcharhinidae,Galeocerdo cuvier,Tiger shark,3.79,86.00,FCM,RBC,MM,"Ojima, Y. and K. Yamamoto (1990). Cellular DNA contents of fishes determined by flow cytometry. La Kromosomo II 57: 1871-1888.",,
Chordata,Vertebrata,Chondrichthyes,Carchariniformes,Carcharhinidae,Galeocerdo cuvier,Tiger shark,4.15,,FCM,RBC,GD,"Schwartz, F.J. and M.B. Maddock (1986). Comparisons of karyotypes and cellular DNA contents within and between major lines of elasmobranchs. In: Indo-Pacific Fish Biology, edited by T. Uyeno, R. Arai, T. Taniuchi and K. Matsuura. Ichthyological Society of",,
Chordata,Vertebrata,Chondrichthyes,Carchariniformes,Carcharhinidae,Galeocerdo cuvier,Tiger shark,4.93,,FIA,RBC,"BS, GD, OM, RP","Hardie, D.C. and P.D.N. Hebert (2004).  Genome-size evolution in fishes.  Canadian Journal of Fisheries and Aquatic Sciences 61: 1636-1646.  Click here to download data appendix.",,
Chordata,Vertebrata,Chondrichthyes,Carchariniformes,Carcharhinidae,Galeocerdo cuvier,Tiger shark,6.55,,FD,RBC,SC,"Stingo, V., T. Capriglione, L. Rocco, R. Improta, and A. Morescalchi (1989). Genome size and A-T rich DNA in selachians. Genetica 79: 197-205.",,
Chordata,Vertebrata,Chondrichthyes,Carchariniformes,Carcharhinidae,Negaprion brevirostris,Lemon shark,3.70,,BFA,RBC,SP,"Hinegardner, R. (1976a). The cellular DNA content of sharks, rays and some other fishes. Comparative Biochemistry and Physiology 55B: 367-370.",,
Chordata,Vertebrata,Chondrichthyes,Carchariniformes,Carcharhinidae,Prionace glauca,Blue shark,4.30,86.00,BFA,RBC,SP,"Hinegardner, R. (1976a). The cellular DNA content of sharks, rays and some other fishes. Comparative Biochemistry and Physiology 55B: 367-370.",,
Chordata,Vertebrata,Chondrichthyes,Carchariniformes,Carcharhinidae,Prionace glauca,Blue shark,4.30,,FD,RBC,CP,"Asahida, T. and H. Ida (1995). Karyotype and cellular DNA content of a guitarfish, Rhinobates schlegelii. La Kromosomo II 79-80: 2725-2730.",,
Chordata,Vertebrata,Chondrichthyes,Carchariniformes,Carcharhinidae,Rhizoprionodon porosus,Caribbean sharpnose shark,3.90,,FD,RBC,SC,"Stingo, V., T. Capriglione, L. Rocco, R. Improta, and A. Morescalchi (1989). Genome size and A-T rich DNA in selachians. Genetica 79: 197-205.",,
Chordata,Vertebrata,Chondrichthyes,Carchariniformes,Carcharhinidae,Rhizoprionodon terraenovae,Atlantic sharpnose shark,3.60,80.00,FCM,RBC,GD,"Schwartz, F.J. and M.B. Maddock (1986). Comparisons of karyotypes and cellular DNA contents within and between major lines of elasmobranchs. In: Indo-Pacific Fish Biology, edited by T. Uyeno, R. Arai, T. Taniuchi and K. Matsuura. Ichthyological Society of",,
Chordata,Vertebrata,Chondrichthyes,Carchariniformes,Carcharhinidae,Triaenodon obesus,Whitetip reef shark,2.88,,FCM,FC,DV,"Portnoy, D.S., C.M. Hollenbeck, J.S. Johnston, J.M. Casman, and J.R. Gold (2014). Parthenogenesis in a whitetip reef shark Triaenodon obesus involves a reduction in ploidy. Journal of Fish Biology 85: 502-508.",,
Chordata,Vertebrata,Chondrichthyes,Carchariniformes,Scyliorhinidae,Cephaloscyllium ventriosum,Swellshark,6.90,,FD,RBC,SC,"Stingo, V., T. Capriglione, L. Rocco, R. Improta, and A. Morescalchi (1989). Genome size and A-T rich DNA in selachians. Genetica 79: 197-205.",,
Chordata,Vertebrata,Chondrichthyes,Carchariniformes,Scyliorhinidae,Cephaloscyllium ventriosum,Swellshark,7.70,64.00,BFA,RBC,SP,"Hinegardner, R. (1976a). The cellular DNA content of sharks, rays and some other fishes. Comparative Biochemistry and Physiology 55B: 367-370.",,
Chordata,Vertebrata,Chondrichthyes,Carchariniformes,Scyliorhinidae,Cephaloscyllium ventriosum,Swellshark,9.05,,FCM,RBC,GD,"Schwartz, F.J. and M.B. Maddock (1986). Comparisons of karyotypes and cellular DNA contents within and between major lines of elasmobranchs. In: Indo-Pacific Fish Biology, edited by T. Uyeno, R. Arai, T. Taniuchi and K. Matsuura. Ichthyological Society of",,
Chordata,Vertebrata,Chondrichthyes,Carchariniformes,Scyliorhinidae,Galeus melastomus,Blackmouth catshark,6.15,,FD,RBC,SC,"Stingo, V., T. Capriglione, L. Rocco, R. Improta, and A. Morescalchi (1989). Genome size and A-T rich DNA in selachians. Genetica 79: 197-205.",,
Chordata,Vertebrata,Chondrichthyes,Carchariniformes,Scyliorhinidae,Scyliorhinus canicula,Smallspotted catshark,5.65,,FD,RBC,SC,"Stingo, V. (1978). Ulteriori dati cariologici sui Selaci italiani. Bollettino di Zoologia 45: 243.","Stingo, V., M.-H. Du Buit, and G. Odierna (1980). Genome size of some selachian fishes. Bollettino di Zoologia 47: 129-137.",
Chordata,Vertebrata,Chondrichthyes,Carchariniformes,Scyliorhinidae,Scyliorhinus canicula,Smallspotted catshark,7.50,80.00,NS,NS,GD,"Vialli, M. (1957a). Volume et contenu en ADN par noyau. Experimental Cell Research Suppl. 4: 284-293.",,
Chordata,Vertebrata,Chondrichthyes,Carchariniformes,Scyliorhinidae,Scyliorhinus stellaris,Nursehound shark,6.15,72.00,FD,RBC,NS,"Morescalchi, A. and E. Olmo (1982). Single-copy DNA and vertebrate phylogeny. Cytogenetics and Cell Genetics 34: 93-101.",,
Chordata,Vertebrata,Chondrichthyes,Carchariniformes,Scyliorhinidae,Scyliorhinus stellaris,Nursehound shark,6.15,,FD,RBC,NS,"Stingo, V. (1978). Ulteriori dati cariologici sui Selaci italiani. Bollettino di Zoologia 45: 243.","Stingo, V., M.-H. Du Buit, and G. Odierna (1980). Genome size of some selachian fishes. Bollettino di Zoologia 47: 129-137.","Stingo, V. (1986). Correlazioni tra quantita di DNA totale e DNA DAPI-positivo in Teleostei e Selachi. Basic and Applied Histochemistry 30 (Suppl.): 164."
Chordata,Vertebrata,Chondrichthyes,Carchariniformes,Sphyrnidae,Sphyrna lewini,Scalloped hammerhead shark,3.06,,FIA,RBC,"BS, GD, OM, RP","Hardie, D.C. and P.D.N. Hebert (2003). The nucleotypic effects of cellular DNA content in cartilaginous and ray-finned fishes. Genome 46: 683-706.","Hardie, D.C. and P.D.N. Hebert (2004).  Genome-size evolution in fishes.  Canadian Journal of Fisheries and Aquatic Sciences 61: 1636-1646.  Click here to download data appendix.",
Chordata,Vertebrata,Chondrichthyes,Carchariniformes,Sphyrnidae,Sphyrna lewini,Scalloped hammerhead shark,3.30,,FCM,RBC,GD,"Schwartz, F.J. and M.B. Maddock (1986). Comparisons of karyotypes and cellular DNA contents within and between major lines of elasmobranchs. In: Indo-Pacific Fish Biology, edited by T. Uyeno, R. Arai, T. Taniuchi and K. Matsuura. Ichthyological Society of",,
Chordata,Vertebrata,Chondrichthyes,Carchariniformes,Sphyrnidae,Sphyrna lewini,Scalloped hammerhead shark,3.50,78.00,BFA,RBC,SP,"Hinegardner, R. (1976a). The cellular DNA content of sharks, rays and some other fishes. Comparative Biochemistry and Physiology 55B: 367-370.",,
Chordata,Vertebrata,Chondrichthyes,Carchariniformes,Sphyrnidae,Sphyrna lewini,Scalloped hammerhead shark,4.45,,FD,RBC,SC,"Stingo, V., T. Capriglione, L. Rocco, R. Improta, and A. Morescalchi (1989). Genome size and A-T rich DNA in selachians. Genetica 79: 197-205.",,
Chordata,Vertebrata,Chondrichthyes,Carchariniformes,Sphyrnidae,Sphyrna tiburo,Bonnethead shark,3.90,,BFA,RBC,SP,"Hinegardner, R. (1976a). The cellular DNA content of sharks, rays and some other fishes. Comparative Biochemistry and Physiology 55B: 367-370.",,
Chordata,Vertebrata,Chondrichthyes,Carchariniformes,Triakidae,Galeorhinus galeus,Tope shark,8.65,,FD,RBC,SC,"Stingo, V., M.-H. Du Buit, and G. Odierna (1980). Genome size of some selachian fishes. Bollettino di Zoologia 47: 129-137.",,
Chordata,Vertebrata,Chondrichthyes,Carchariniformes,Triakidae,Mustelus asterias,Starry smooth-hound shark,4.30,,FD,RBC,SC,"Stingo, V., T. Capriglione, L. Rocco, R. Improta, and A. Morescalchi (1989). Genome size and A-T rich DNA in selachians. Genetica 79: 197-205.",,
Chordata,Vertebrata,Chondrichthyes,Carchariniformes,Triakidae,Mustelus californicus,Grey smooth-hound shark,6.40,,BFA,RBC,SP,"Hinegardner, R. (1976a). The cellular DNA content of sharks, rays and some other fishes. Comparative Biochemistry and Physiology 55B: 367-370.",,
Chordata,Vertebrata,Chondrichthyes,Carchariniformes,Triakidae,Mustelus canis,Dusky smooth-hound shark,4.60,,BFA,RBC,SP,"Hinegardner, R. (1976a). The cellular DNA content of sharks, rays and some other fishes. Comparative Biochemistry and Physiology 55B: 367-370.",,
Chordata,Vertebrata,Chondrichthyes,Carchariniformes,Triakidae,Mustelus canis,Dusky smoothhound,4.20,,FCM,RBC,GD,"Schwartz, F.J. and M.B. Maddock (2002). Cytogenetics of the elasmobranchs: genome evolution and phylogenetic implications. Marine and Freshwater Research 53: 491-502.",,
Chordata,Vertebrata,Chondrichthyes,Carchariniformes,Triakidae,Mustelus norrisi,Narrowfin smooth-hound shark,4.50,,BFA,RBC,SP,"Hinegardner, R. (1976a). The cellular DNA content of sharks, rays and some other fishes. Comparative Biochemistry and Physiology 55B: 367-370.",,
Chordata,Vertebrata,Chondrichthyes,Carchariniformes,Triakidae,Mustelus sp.,Smooth-hound shark,4.80,,BFA,RBC,SP,"Hinegardner, R. (1976a). The cellular DNA content of sharks, rays and some other fishes. Comparative Biochemistry and Physiology 55B: 367-370.",,
Chordata,Vertebrata,Chondrichthyes,Carchariniformes,Triakidae,Triakis semifasciata,Leopard shark,4.80,72.00,BFA,RBC,SP,"Hinegardner, R. (1976a). The cellular DNA content of sharks, rays and some other fishes. Comparative Biochemistry and Physiology 55B: 367-370.",,
Chordata,Vertebrata,Chondrichthyes,Chimaeriformes,Callorhinchidae,Callorhinchus milii,Ghost shark,1.94,,FIA,RBC,"BS, GD, OM, RP","Hardie, D.C. and P.D.N. Hebert (2004).  Genome-size evolution in fishes.  Canadian Journal of Fisheries and Aquatic Sciences 61: 1636-1646.  Click here to download data appendix.",,
Chordata,Vertebrata,Chondrichthyes,Chimaeriformes,Chimaeridae,Chimaera sp.,Chimaera,2.01,,FIA,RBC,"BS, GD, OM, RP","Hardie, D.C. and P.D.N. Hebert (2004).  Genome-size evolution in fishes.  Canadian Journal of Fisheries and Aquatic Sciences 61: 1636-1646.  Click here to download data appendix.",,
Chordata,Vertebrata,Chondrichthyes,Chimaeriformes,Chimaeridae,Hydrolagus colliei,Spotted ratfish,1.51,58.00,FD,RBC,HS,"Ohno, S., J. Muramoto, C. Stenius, L. Christian, W.A. Kittrell, and N.B. Atkin (1969a). Microchromosomes in Holocephalian, Chondrostean and Holostean fishes. Chromosoma 26: 35-40.",,
Chordata,Vertebrata,Chondrichthyes,Chimaeriformes,Chimaeridae,Hydrolagus colliei,Spotted ratfish,1.60,,BFA,RBC,SP,"Hinegardner, R. (1976a). The cellular DNA content of sharks, rays and some other fishes. Comparative Biochemistry and Physiology 55B: 367-370.",,
Chordata,Vertebrata,Chondrichthyes,Chimaeriformes,Rhinochimaeridae,Rhinochimaera pacifica,Pacific spookfish,1.58,,FIA,RBC,"BS, GD, OM, RP","Hardie, D.C. and P.D.N. Hebert (2004).  Genome-size evolution in fishes.  Canadian Journal of Fisheries and Aquatic Sciences 61: 1636-1646.  Click here to download data appendix.",,
Chordata,Vertebrata,Chondrichthyes,Heterodontiformes,Heterodontidae,Heterodontus francisci,Horn shark,6.80,102.00,BFA,RBC,SP,"Hinegardner, R. (1976a). The cellular DNA content of sharks, rays and some other fishes. Comparative Biochemistry and Physiology 55B: 367-370.",,
Chordata,Vertebrata,Chondrichthyes,Heterodontiformes,Heterodontidae,Heterodontus francisci,Horn shark,7.25,,FD,RBC,SC,"Stingo, V., T. Capriglione, L. Rocco, R. Improta, and A. Morescalchi (1989). Genome size and A-T rich DNA in selachians. Genetica 79: 197-205.",,
Chordata,Vertebrata,Chondrichthyes,Heterodontiformes,Heterodontidae,Heterodontus francisci,Horn shark,8.75,,FCM,RBC,GD,"Schwartz, F.J. and M.B. Maddock (1986). Comparisons of karyotypes and cellular DNA contents within and between major lines of elasmobranchs. In: Indo-Pacific Fish Biology, edited by T. Uyeno, R. Arai, T. Taniuchi and K. Matsuura. Ichthyological Society of",,
Chordata,Vertebrata,Chondrichthyes,Heterodontiformes,Heterodontidae,Heterodontus japonicus,Japanese bullhead shark,14.80,102.00,FD,RBC,CP,"Ida, H., T. Asahida, K. Yano, and S. Tanaka (1986). Karyotypes of two sharks, Chlamydoselachus anguineus and Heterodontus japonicus, and their systematic implications. In: Indo-Pacific Fish Biology, edited by T. Uyeno, R. Arai, T. Taniuchi and K. Matsuura",,
Chordata,Vertebrata,Chondrichthyes,Hexanchiformes,Chlamydoselachidae,Chlamydoselachus anguineus,Frilled shark,4.59,100.00,FD,RBC,CP,"Ida, H., T. Asahida, K. Yano, and S. Tanaka (1986). Karyotypes of two sharks, Chlamydoselachus anguineus and Heterodontus japonicus, and their systematic implications. In: Indo-Pacific Fish Biology, edited by T. Uyeno, R. Arai, T. Taniuchi and K. Matsuura",,
Chordata,Vertebrata,Chondrichthyes,Hexanchiformes,Hexanchidae,Hexanchus griseus,Bluntnose sixgill shark,5.35,,FD,RBC,SC,"Stingo, V. (1979). New developments in vertebrate cytotaxonomy, II. The chromosomes of the cartilaginous fishes. Genetica 50: 227-239.","Stingo, V., M.-H. Du Buit, and G. Odierna (1980). Genome size of some selachian fishes. Bollettino di Zoologia 47: 129-137.",
Chordata,Vertebrata,Chondrichthyes,Hexanchiformes,Hexanchidae,Notorynchus cepedianus,Broadnose sevengill shark,4.40,104.00,FCM,RBC,GD,"Schwartz, F.J. and M.B. Maddock (1986). Comparisons of karyotypes and cellular DNA contents within and between major lines of elasmobranchs. In: Indo-Pacific Fish Biology, edited by T. Uyeno, R. Arai, T. Taniuchi and K. Matsuura. Ichthyological Society of",,
Chordata,Vertebrata,Chondrichthyes,Hexanchiformes,Hexanchidae,Notorynchus maculatus,Broadnose sevengill shark,5.45,,FCM,RBC,GD,"Schwartz, F.J. and M.B. Maddock (2002). Cytogenetics of the elasmobranchs: genome evolution and phylogenetic implications. Marine and Freshwater Research 53: 491-502.",,
Chordata,Vertebrata,Chondrichthyes,Lamniformes,Lamnidae,Carcharodon carcharias,Great white shark,6.45,82.00,FCM,RBC,GD,"Schwartz, F.J. and M.B. Maddock (1986). Comparisons of karyotypes and cellular DNA contents within and between major lines of elasmobranchs. In: Indo-Pacific Fish Biology, edited by T. Uyeno, R. Arai, T. Taniuchi and K. Matsuura. Ichthyological Society of",,
Chordata,Vertebrata,Chondrichthyes,Lamniformes,Lamnidae,Isurus oxyrinchus,Shortfin mako,5.02,,FIA,RBC,"BS, GD, OM, RP","Hardie, D.C. and P.D.N. Hebert (2003). The nucleotypic effects of cellular DNA content in cartilaginous and ray-finned fishes. Genome 46: 683-706.","Hardie, D.C. and P.D.N. Hebert (2004).  Genome-size evolution in fishes.  Canadian Journal of Fisheries and Aquatic Sciences 61: 1636-1646.  Click here to download data appendix.",
Chordata,Vertebrata,Chondrichthyes,Lamniformes,Lamnidae,Isurus oxyrinchus,Shortfin mako,6.70,,FD,RBC,SC,"Stingo, V., T. Capriglione, L. Rocco, R. Improta, and A. Morescalchi (1989). Genome size and A-T rich DNA in selachians. Genetica 79: 197-205.",,
Chordata,Vertebrata,Chondrichthyes,Lamniformes,Odontaspididae,Carcharias taurus,Sand tiger shark,6.55,,FCM,RBC,GD,"Schwartz, F.J. and M.B. Maddock (2002). Cytogenetics of the elasmobranchs: genome evolution and phylogenetic implications. Marine and Freshwater Research 53: 491-502.",,
Chordata,Vertebrata,Chondrichthyes,Myliobatiformes,Dasyatidae,Dasyatis americana,Southern stingray,3.65,,FCM,RBC,GD,"Schwartz, F.J. and M.B. Maddock (2002). Cytogenetics of the elasmobranchs: genome evolution and phylogenetic implications. Marine and Freshwater Research 53: 491-502.",,
Chordata,Vertebrata,Chondrichthyes,Myliobatiformes,Dasyatidae,Dasyatis sabina,Atlantic stingray,3.35,,FCM,RBC,GD,"Schwartz, F.J. and M.B. Maddock (2002). Cytogenetics of the elasmobranchs: genome evolution and phylogenetic implications. Marine and Freshwater Research 53: 491-502.",,
Chordata,Vertebrata,Chondrichthyes,Myliobatiformes,Dasyatidae,Dasyatis sayi,Bluntnose stingray,4.80,,FCM,RBC,GD,"Schwartz, F.J. and M.B. Maddock (2002). Cytogenetics of the elasmobranchs: genome evolution and phylogenetic implications. Marine and Freshwater Research 53: 491-502.",,
Chordata,Vertebrata,Chondrichthyes,Myliobatiformes,Urotrygonidae,Urobatis halleri,Round stingray,17.05,,FCM,RBC,GD,"Schwartz, F.J. and M.B. Maddock (2002). Cytogenetics of the elasmobranchs: genome evolution and phylogenetic implications. Marine and Freshwater Research 53: 491-502.",,
Chordata,Vertebrata,Chondrichthyes,Orectolobiformes,Ginglymostomatidae,Ginglymostoma cirratum,Nurse shark,3.80,,FCM,RBC,"GD, SS","Kendall, C., S. Valentino, A.B. Bodine, and C.A. Luer (1992). Flow cytometric DNA analysis of nurse shark, Ginglymostoma cirratum (Bonaterre) and clearnose skate, Raja eglanteria (Bosc) peripheral red blood cells. Journal of Fish Biology 41: 123-129.",,
Chordata,Vertebrata,Chondrichthyes,Orectolobiformes,Ginglymostomatidae,Ginglymostoma cirratum,Nurse shark,4.00,,BFA,RBC,SP,"Hinegardner, R. (1976a). The cellular DNA content of sharks, rays and some other fishes. Comparative Biochemistry and Physiology 55B: 367-370.",,
Chordata,Vertebrata,Chondrichthyes,Orectolobiformes,Ginglymostomatidae,Ginglymostoma cirratum (3x),Nurse shark,5.70,,FCM,RBC,GC,"Kendall, C., S. Valentino, A.B. Bodine, and C.A. Luer (1994). Triploidy in a nurse shark, Ginglymostoma cirratum. Copeia 1994: 825-827.",,
Chordata,Vertebrata,Chondrichthyes,Orectolobiformes,Ginglymostomatidae,Ginglymostoma cirratum (3x?),Nurse shark,5.45,,FD,RBC,SC,"Stingo, V., T. Capriglione, L. Rocco, R. Improta, and A. Morescalchi (1989). Genome size and A-T rich DNA in selachians. Genetica 79: 197-205.",,
Chordata,Vertebrata,Chondrichthyes,Orectolobiformes,Ginglymostomatidae,Nebrius ferrugineus,Tawney nurse shark,4.25,,FIA,RBC,"BS, GD, OM, RP","Hardie, D.C. and P.D.N. Hebert (2003). The nucleotypic effects of cellular DNA content in cartilaginous and ray-finned fishes. Genome 46: 683-706.","Hardie, D.C. and P.D.N. Hebert (2004).  Genome-size evolution in fishes.  Canadian Journal of Fisheries and Aquatic Sciences 61: 1636-1646.  Click here to download data appendix.",
Chordata,Vertebrata,Chondrichthyes,Orectolobiformes,Hemiscyllidae,Chiloscyllium punctatum,Brownbanded bamboo shark,4.56,,FIA,RBC,"BS, GD, OM, RP","Hardie, D.C. and P.D.N. Hebert (2003). The nucleotypic effects of cellular DNA content in cartilaginous and ray-finned fishes. Genome 46: 683-706.","Hardie, D.C. and P.D.N. Hebert (2004).  Genome-size evolution in fishes.  Canadian Journal of Fisheries and Aquatic Sciences 61: 1636-1646.  Click here to download data appendix.",
Chordata,Vertebrata,Chondrichthyes,Orectolobiformes,Hemiscyllidae,Hemiscyllium ocellatum,Epaulette shark,5.51,,FIA,RBC,"BS, GD, OM, RP","Hardie, D.C. and P.D.N. Hebert (2003). The nucleotypic effects of cellular DNA content in cartilaginous and ray-finned fishes. Genome 46: 683-706.","Hardie, D.C. and P.D.N. Hebert (2004).  Genome-size evolution in fishes.  Canadian Journal of Fisheries and Aquatic Sciences 61: 1636-1646.  Click here to download data appendix.",
Chordata,Vertebrata,Chondrichthyes,Orectolobiformes,Orectolobidae,Orectolobus ornatus,Ornate wobbegong,5.05,,FIA,RBC,"BS, GD, OM, RP","Hardie, D.C. and P.D.N. Hebert (2003). The nucleotypic effects of cellular DNA content in cartilaginous and ray-finned fishes. Genome 46: 683-706.","Hardie, D.C. and P.D.N. Hebert (2004).  Genome-size evolution in fishes.  Canadian Journal of Fisheries and Aquatic Sciences 61: 1636-1646.  Click here to download data appendix.",
Chordata,Vertebrata,Chondrichthyes,Pristiformes,Pristidae,Pristis pectinata,Smalltooth sawfish,2.80,,BFA,RBC,SP,"Hinegardner, R. (1976a). The cellular DNA content of sharks, rays and some other fishes. Comparative Biochemistry and Physiology 55B: 367-370.",,
Chordata,Vertebrata,Chondrichthyes,Rajiformes,Dasyatidae,Dasyatis akajei,Red stingray,4.02,,FCM,RBC,"GD, HS","Chang, H.-Y., T.-K. Sang, K.-Y. Jan, and C.-T. Chen (1995). Cellular DNA contents and cell volumes of batoids. Copeia 1995: 571-576.",,
Chordata,Vertebrata,Chondrichthyes,Rajiformes,Dasyatidae,Dasyatis akajei,Red stingray,4.15,,FD,RBC,CP,"Asahida, T., H. Ida, and S. Inoue (1987). Karyotypes of three rays in the order Myliobatiformes. Japanese Journal of Ichthyology 33: 426-430.",,
Chordata,Vertebrata,Chondrichthyes,Rajiformes,Dasyatidae,Dasyatis akajei,Red stingray,4.32,84.00,FCM,RBC,MM,"Ojima, Y. and K. Yamamoto (1990). Cellular DNA contents of fishes determined by flow cytometry. La Kromosomo II 57: 1871-1888.",,
Chordata,Vertebrata,Chondrichthyes,Rajiformes,Dasyatidae,Dasyatis americana,Southern stingray,5.55,78.00,FD,RBC,SC,"Stingo, V., T. Capriglione, L. Rocco, R. Improta, and A. Morescalchi (1989). Genome size and A-T rich DNA in selachians. Genetica 79: 197-205.",,
Chordata,Vertebrata,Chondrichthyes,Rajiformes,Dasyatidae,Dasyatis bennetti,Bennett's stingray,4.44,,FIA,RBC,"BS, GD, OM, RP","Hardie, D.C. and P.D.N. Hebert (2003). The nucleotypic effects of cellular DNA content in cartilaginous and ray-finned fishes. Genome 46: 683-706.",,
Chordata,Vertebrata,Chondrichthyes,Rajiformes,Dasyatidae,Dasyatis bennetti,Bennett's stingray,5.11,,FCM,RBC,"GD, HS","Chang, H.-Y., T.-K. Sang, K.-Y. Jan, and C.-T. Chen (1995). Cellular DNA contents and cell volumes of batoids. Copeia 1995: 571-576.",,
Chordata,Vertebrata,Chondrichthyes,Rajiformes,Dasyatidae,Dasyatis centroura,Roughtail stingray,5.25,,FD,RBC,SC,"Stingo, V., T. Capriglione, L. Rocco, R. Improta, and A. Morescalchi (1989). Genome size and A-T rich DNA in selachians. Genetica 79: 197-205.",,
Chordata,Vertebrata,Chondrichthyes,Rajiformes,Dasyatidae,Dasyatis chrysonota marmorata,Marbled stingray,5.80,,FD,RBC,SC,"Stingo, V. (1986). Correlazioni tra quantita di DNA totale e DNA DAPI-positivo in Teleostei e Selachi. Basic and Applied Histochemistry 30 (Suppl.): 164.","Stingo, V., T. Capriglione, L. Rocco, R. Improta, and A. Morescalchi (1989). Genome size and A-T rich DNA in selachians. Genetica 79: 197-205.",
Chordata,Vertebrata,Chondrichthyes,Rajiformes,Dasyatidae,Dasyatis gerrardi,Sharpnose stingray,4.65,,FCM,RBC,"GD, HS","Chang, H.-Y., T.-K. Sang, K.-Y. Jan, and C.-T. Chen (1995). Cellular DNA contents and cell volumes of batoids. Copeia 1995: 571-576.",,
Chordata,Vertebrata,Chondrichthyes,Rajiformes,Dasyatidae,Dasyatis kuhlii,Bluespotted stingray,4.91,64.00,FCM,RBC,MM,"Ojima, Y. and K. Yamamoto (1990). Cellular DNA contents of fishes determined by flow cytometry. La Kromosomo II 57: 1871-1888.",,
Chordata,Vertebrata,Chondrichthyes,Rajiformes,Dasyatidae,Dasyatis margarita,Daisy stingray,5.65,,FD,RBC,SC,"Stingo, V. (1986). Correlazioni tra quantita di DNA totale e DNA DAPI-positivo in Teleostei e Selachi. Basic and Applied Histochemistry 30 (Suppl.): 164.","Stingo, V., T. Capriglione, L. Rocco, R. Improta, and A. Morescalchi (1989). Genome size and A-T rich DNA in selachians. Genetica 79: 197-205.",
Chordata,Vertebrata,Chondrichthyes,Rajiformes,Dasyatidae,Dasyatis matsubarai,Pitted stingray,4.75,64.00,FD,RBC,CP,"Asahida, T. and H. Ida (1990). Karyotypes of two rays, Torpedo tokionis and Dasyatis matsubarai, and their systematic relationships. Japanese Journal of Ichthyology 37: 71-75.",,
Chordata,Vertebrata,Chondrichthyes,Rajiformes,Dasyatidae,Dasyatis navarrae,N/A,3.93,,FCM,RBC,"GD, HS","Chang, H.-Y., T.-K. Sang, K.-Y. Jan, and C.-T. Chen (1995). Cellular DNA contents and cell volumes of batoids. Copeia 1995: 571-576.",,
Chordata,Vertebrata,Chondrichthyes,Rajiformes,Dasyatidae,Dasyatis sabina,Atlantic stingray,5.05,68.00,FCM,RBC,"GD, HS","Tiersch, T.R., R.W. Chandler, S.S. Wachtel, and S. Elias (1989a). Reference standards for flow cytometry and application in comparative studies of nuclear DNA content. Cytometry 10: 706-710.",,
Chordata,Vertebrata,Chondrichthyes,Rajiformes,Dasyatidae,Dasyatis sayi,Bluntnose stingray,4.70,68.00,BFA,RBC,SP,"Hinegardner, R. (1976a). The cellular DNA content of sharks, rays and some other fishes. Comparative Biochemistry and Physiology 55B: 367-370.",,
Chordata,Vertebrata,Chondrichthyes,Rajiformes,Dasyatidae,Dasyatis violacea,Pelagic stingray,4.80,,FD,RBC,CP,"Asahida, T. and H. Ida (1990). Karyotypes of two rays, Torpedo tokionis and Dasyatis matsubarai, and their systematic relationships. Japanese Journal of Ichthyology 37: 71-75.",,
Chordata,Vertebrata,Chondrichthyes,Rajiformes,Dasyatidae,Dasyatis violacea,Pelagic stingray,6.85,58.00,FD,RBC,SC,"Stingo, V., M.-H. Du Buit, and G. Odierna (1980). Genome size of some selachian fishes. Bollettino di Zoologia 47: 129-137.",,
Chordata,Vertebrata,Chondrichthyes,Rajiformes,Dasyatidae,Himantura signifer,White-edge freshwater whip ray,3.41,,FIA,RBC,"BS, GD, OM, RP","Hardie, D.C. and P.D.N. Hebert (2003). The nucleotypic effects of cellular DNA content in cartilaginous and ray-finned fishes. Genome 46: 683-706.","Hardie, D.C. and P.D.N. Hebert (2004).  Genome-size evolution in fishes.  Canadian Journal of Fisheries and Aquatic Sciences 61: 1636-1646.  Click here to download data appendix.",
Chordata,Vertebrata,Chondrichthyes,Rajiformes,Dasyatidae,Himantura uarnak,Honeycomb stingray,4.62,,FCM,RBC,"GD, HS","Chang, H.-Y., T.-K. Sang, K.-Y. Jan, and C.-T. Chen (1995). Cellular DNA contents and cell volumes of batoids. Copeia 1995: 571-576.",,
Chordata,Vertebrata,Chondrichthyes,Rajiformes,Dasyatidae,Himantura uarnak,Honeycomb stingray,4.86,,FIA,RBC,"BS, GD, OM, RP","Hardie, D.C. and P.D.N. Hebert (2004).  Genome-size evolution in fishes.  Canadian Journal of Fisheries and Aquatic Sciences 61: 1636-1646.  Click here to download data appendix.",,
Chordata,Vertebrata,Chondrichthyes,Rajiformes,Dasyatidae,Taeniura lymma,Bluespotted ribbontail ray,6.72,,FIA,RBC,"BS, GD, OM, RP","Hardie, D.C. and P.D.N. Hebert (2004).  Genome-size evolution in fishes.  Canadian Journal of Fisheries and Aquatic Sciences 61: 1636-1646.  Click here to download data appendix.",,
Chordata,Vertebrata,Chondrichthyes,Rajiformes,Gymnuridae,Gymnura bimaculata,N/A,5.02,,FCM,RBC,"GD, HS","Chang, H.-Y., T.-K. Sang, K.-Y. Jan, and C.-T. Chen (1995). Cellular DNA contents and cell volumes of batoids. Copeia 1995: 571-576.",,
Chordata,Vertebrata,Chondrichthyes,Rajiformes,Gymnuridae,Gymnura micrura,Smooth butterfly ray,2.83,,SCF,RBC,GD,"Jiminez, A.G. and S.T. Kinsey (2012). Nuclear DNA content variation associated with muscle fiber hypertrophic growth in fishes. Journal of Comparative Physiology B 182: 531-540.",,
Chordata,Vertebrata,Chondrichthyes,Rajiformes,Gymnuridae,Gymnura micrura,Smooth butterfly ray,8.10,56.00,BFA,RBC,SP,"Hinegardner, R. (1976a). The cellular DNA content of sharks, rays and some other fishes. Comparative Biochemistry and Physiology 55B: 367-370.",,
Chordata,Vertebrata,Chondrichthyes,Rajiformes,Hexatrygonidae,Hexatrygon taiwanensis,N/A,4.98,,FCM,RBC,"GD, HS","Chang, H.-Y., T.-K. Sang, K.-Y. Jan, and C.-T. Chen (1995). Cellular DNA contents and cell volumes of batoids. Copeia 1995: 571-576.",,
Chordata,Vertebrata,Chondrichthyes,Rajiformes,Myliobatidae,Aetobatus narinari,Spotted eagle ray,5.96,,FCM,RBC,"GD, HS","Chang, H.-Y., T.-K. Sang, K.-Y. Jan, and C.-T. Chen (1995). Cellular DNA contents and cell volumes of batoids. Copeia 1995: 571-576.",,
Chordata,Vertebrata,Chondrichthyes,Rajiformes,Myliobatidae,Mobula japonica,Spinetail mobula,4.75,,FD,RBC,CP,"Asahida, T., H. Ida, H. Terashima, and H.-Y. Chang (1993). The karyotype and cellular DNA content of a ray, Mobula japonica. Japanese Journal of Ichthyology 40: 317-322.",,
Chordata,Vertebrata,Chondrichthyes,Rajiformes,Myliobatidae,Mobula japonica,Spinetail mobula,4.82,66.00,FCM,RBC,"GD, HS","Chang, H.-Y., T.-K. Sang, K.-Y. Jan, and C.-T. Chen (1995). Cellular DNA contents and cell volumes of batoids. Copeia 1995: 571-576.",,
Chordata,Vertebrata,Chondrichthyes,Rajiformes,Myliobatidae,Mobula tarapacana,Chilean devil ray,5.08,,FCM,RBC,"GD, HS","Chang, H.-Y., T.-K. Sang, K.-Y. Jan, and C.-T. Chen (1995). Cellular DNA contents and cell volumes of batoids. Copeia 1995: 571-576.",,
Chordata,Vertebrata,Chondrichthyes,Rajiformes,Myliobatidae,Myliobatis aquila,Common eagle ray,5.40,52.00,FD,RBC,SC,"Stingo, V., M.-H. Du Buit, and G. Odierna (1980). Genome size of some selachian fishes. Bollettino di Zoologia 47: 129-137.","Stingo, V. (1986). Correlazioni tra quantita di DNA totale e DNA DAPI-positivo in Teleostei e Selachi. Basic and Applied Histochemistry 30 (Suppl.): 164.",
Chordata,Vertebrata,Chondrichthyes,Rajiformes,Myliobatidae,Myliobatis californica,Bat eagle ray,4.90,52.00,BFA,RBC,SP,"Hinegardner, R. (1976a). The cellular DNA content of sharks, rays and some other fishes. Comparative Biochemistry and Physiology 55B: 367-370.",,
Chordata,Vertebrata,Chondrichthyes,Rajiformes,Myliobatidae,Myliobatis californica,Bat eagle ray,5.20,,FCM,RBC,GD,"Schwartz, F.J. and M.B. Maddock (1986). Comparisons of karyotypes and cellular DNA contents within and between major lines of elasmobranchs. In: Indo-Pacific Fish Biology, edited by T. Uyeno, R. Arai, T. Taniuchi and K. Matsuura. Ichthyological Society of",,
Chordata,Vertebrata,Chondrichthyes,Rajiformes,Myliobatidae,Myliobatis freminvillii,Bullnose eagle ray,4.90,52.00,BFA,RBC,SP,"Hinegardner, R. (1976a). The cellular DNA content of sharks, rays and some other fishes. Comparative Biochemistry and Physiology 55B: 367-370.",,
Chordata,Vertebrata,Chondrichthyes,Rajiformes,Myliobatidae,Myliobatis freminvillii,Bullnose eagle ray,5.30,,FCM,RBC,GD,"Schwartz, F.J. and M.B. Maddock (1986). Comparisons of karyotypes and cellular DNA contents within and between major lines of elasmobranchs. In: Indo-Pacific Fish Biology, edited by T. Uyeno, R. Arai, T. Taniuchi and K. Matsuura. Ichthyological Society of",,
Chordata,Vertebrata,Chondrichthyes,Rajiformes,Myliobatidae,Myliobatis tobijei,Japanese eagle ray,4.33,,FD,RBC,CP,"Asahida, T., H. Ida, and S. Inoue (1987). Karyotypes of three rays in the order Myliobatiformes. Japanese Journal of Ichthyology 33: 426-430.",,
Chordata,Vertebrata,Chondrichthyes,Rajiformes,Myliobatidae,Myliobatis tobijei,Japanese eagle ray,5.37,54.00,FCM,RBC,"GD, HS","Chang, H.-Y., T.-K. Sang, K.-Y. Jan, and C.-T. Chen (1995). Cellular DNA contents and cell volumes of batoids. Copeia 1995: 571-576.",,
Chordata,Vertebrata,Chondrichthyes,Rajiformes,Myliobatidae,Rhinoptera bonasus,Cownose ray,5.00,64.00,FCM,RBC,GD,"Schwartz, F.J. and M.B. Maddock (1986). Comparisons of karyotypes and cellular DNA contents within and between major lines of elasmobranchs. In: Indo-Pacific Fish Biology, edited by T. Uyeno, R. Arai, T. Taniuchi and K. Matsuura. Ichthyological Society of",,
Chordata,Vertebrata,Chondrichthyes,Rajiformes,Myliobatidae,Rhinoptera javanica,Javanese cownose ray,5.11,,FCM,RBC,"GD, HS","Chang, H.-Y., T.-K. Sang, K.-Y. Jan, and C.-T. Chen (1995). Cellular DNA contents and cell volumes of batoids. Copeia 1995: 571-576.",,
Chordata,Vertebrata,Chondrichthyes,Rajiformes,Myliobatidae,Rhinoptera sp.,Cownose ray,5.20,,BFA,RBC,SP,"Hinegardner, R. (1976a). The cellular DNA content of sharks, rays and some other fishes. Comparative Biochemistry and Physiology 55B: 367-370.",,
Chordata,Vertebrata,Chondrichthyes,Rajiformes,Rajidae,Amblyraja radiata,Thorny skate,4.35,,FCM,RBC,GD,"Schwartz, F.J. and M.B. Maddock (2002). Cytogenetics of the elasmobranchs: genome evolution and phylogenetic implications. Marine and Freshwater Research 53: 491-502.",,
Chordata,Vertebrata,Chondrichthyes,Rajiformes,Rajidae,Bathyraja parmifera,Alaska skate,2.73,,FIA,RBC,"BS, GD, OM, RP","Hardie, D.C. and P.D.N. Hebert (2003). The nucleotypic effects of cellular DNA content in cartilaginous and ray-finned fishes. Genome 46: 683-706.","Hardie, D.C. and P.D.N. Hebert (2004).  Genome-size evolution in fishes.  Canadian Journal of Fisheries and Aquatic Sciences 61: 1636-1646.  Click here to download data appendix.",
Chordata,Vertebrata,Chondrichthyes,Rajiformes,Rajidae,Bathyraja trachura,Roughtail skate,2.80,,BFA,RBC,SP,"Hinegardner, R. (1976a). The cellular DNA content of sharks, rays and some other fishes. Comparative Biochemistry and Physiology 55B: 367-370.",,
Chordata,Vertebrata,Chondrichthyes,Rajiformes,Rajidae,Dipturus batis,Skate,3.10,98.00,FD,RBC,SC,"Stingo, V. (1979). New developments in vertebrate cytotaxonomy, II. The chromosomes of the cartilaginous fishes. Genetica 50: 227-239.","Stingo, V., M.-H. Du Buit, and G. Odierna (1980). Genome size of some selachian fishes. Bollettino di Zoologia 47: 129-137.",
Chordata,Vertebrata,Chondrichthyes,Rajiformes,Rajidae,Dipturus nidarosiensis,Norwegian skate,4.05,,FD,RBC,SC,"Stingo, V., T. Capriglione, L. Rocco, R. Improta, and A. Morescalchi (1989). Genome size and A-T rich DNA in selachians. Genetica 79: 197-205.",,
Chordata,Vertebrata,Chondrichthyes,Rajiformes,Rajidae,Dipturus tengu,N/A,3.36,,FCM,RBC,"GD, HS","Chang, H.-Y., T.-K. Sang, K.-Y. Jan, and C.-T. Chen (1995). Cellular DNA contents and cell volumes of batoids. Copeia 1995: 571-576.",,
Chordata,Vertebrata,Chondrichthyes,Rajiformes,Rajidae,Leucoraja circularis,Sandy ray,3.65,,FD,RBC,SC,"Stingo, V. (1979). New developments in vertebrate cytotaxonomy, II. The chromosomes of the cartilaginous fishes. Genetica 50: 227-239.","Stingo, V., M.-H. Du Buit, and G. Odierna (1980). Genome size of some selachian fishes. Bollettino di Zoologia 47: 129-137.",
Chordata,Vertebrata,Chondrichthyes,Rajiformes,Rajidae,Leucoraja erinacea,Little skate,3.46,,FIA,RBC,"BS, GD, OM, RP","Hardie, D.C. and P.D.N. Hebert (2004).  Genome-size evolution in fishes.  Canadian Journal of Fisheries and Aquatic Sciences 61: 1636-1646.  Click here to download data appendix.",,
Chordata,Vertebrata,Chondrichthyes,Rajiformes,Rajidae,Leucoraja erinacea,Little skate,3.50,,BFA,RBC,SP,"Hinegardner, R. (1976a). The cellular DNA content of sharks, rays and some other fishes. Comparative Biochemistry and Physiology 55B: 367-370.",,
Chordata,Vertebrata,Chondrichthyes,Rajiformes,Rajidae,Leucoraja erinacea,Little skate,4.60,,FCM,RBC,GD,"Schwartz, F.J. and M.B. Maddock (2002). Cytogenetics of the elasmobranchs: genome evolution and phylogenetic implications. Marine and Freshwater Research 53: 491-502.",,
Chordata,Vertebrata,Chondrichthyes,Rajiformes,Rajidae,Leucoraja fullonica,Shagreen ray,3.15,,FD,RBC,SC,"Stingo, V. (1979). New developments in vertebrate cytotaxonomy, II. The chromosomes of the cartilaginous fishes. Genetica 50: 227-239.","Stingo, V., M.-H. Du Buit, and G. Odierna (1980). Genome size of some selachian fishes. Bollettino di Zoologia 47: 129-137.",
Chordata,Vertebrata,Chondrichthyes,Rajiformes,Rajidae,Leucoraja naevus,Cuckoo ray,3.20,,FD,RBC,SC,"Stingo, V. (1979). New developments in vertebrate cytotaxonomy, II. The chromosomes of the cartilaginous fishes. Genetica 50: 227-239.","Stingo, V., M.-H. Du Buit, and G. Odierna (1980). Genome size of some selachian fishes. Bollettino di Zoologia 47: 129-137.",
Chordata,Vertebrata,Chondrichthyes,Rajiformes,Rajidae,Leucoraja ocellata,Winter skate,2.96,,FIA,RBC,"BS, GD, OM, RP","Hardie, D.C. and P.D.N. Hebert (2003). The nucleotypic effects of cellular DNA content in cartilaginous and ray-finned fishes. Genome 46: 683-706.","Hardie, D.C. and P.D.N. Hebert (2004).  Genome-size evolution in fishes.  Canadian Journal of Fisheries and Aquatic Sciences 61: 1636-1646.  Click here to download data appendix.",
Chordata,Vertebrata,Chondrichthyes,Rajiformes,Rajidae,Leucoraja ocellata,Winter skate,4.40,,FCM,RBC,GD,"Schwartz, F.J. and M.B. Maddock (2002). Cytogenetics of the elasmobranchs: genome evolution and phylogenetic implications. Marine and Freshwater Research 53: 491-502.",,
Chordata,Vertebrata,Chondrichthyes,Rajiformes,Rajidae,Okamejei acutispina,N/A,2.91,,FCM,RBC,"GD, HS","Chang, H.-Y., T.-K. Sang, K.-Y. Jan, and C.-T. Chen (1995). Cellular DNA contents and cell volumes of batoids. Copeia 1995: 571-576.",,
Chordata,Vertebrata,Chondrichthyes,Rajiformes,Rajidae,Okamejei hollandi,N/A,3.62,,FCM,RBC,"GD, HS","Chang, H.-Y., T.-K. Sang, K.-Y. Jan, and C.-T. Chen (1995). Cellular DNA contents and cell volumes of batoids. Copeia 1995: 571-576.",,
Chordata,Vertebrata,Chondrichthyes,Rajiformes,Rajidae,Okamejei kenojei,N/A,3.09,,FCM,RBC,"GD, HS","Chang, H.-Y., T.-K. Sang, K.-Y. Jan, and C.-T. Chen (1995). Cellular DNA contents and cell volumes of batoids. Copeia 1995: 571-576.",,
Chordata,Vertebrata,Chondrichthyes,Rajiformes,Rajidae,Okamejei porosa,N/A,3.62,,FCM,RBC,"GD, HS","Chang, H.-Y., T.-K. Sang, K.-Y. Jan, and C.-T. Chen (1995). Cellular DNA contents and cell volumes of batoids. Copeia 1995: 571-576.",,
Chordata,Vertebrata,Chondrichthyes,Rajiformes,Rajidae,Raja asterias,Mediterranean starry ray,4.65,,FCM,RBC,GD,"Schwartz, F.J. and M.B. Maddock (2002). Cytogenetics of the elasmobranchs: genome evolution and phylogenetic implications. Marine and Freshwater Research 53: 491-502.",,
Chordata,Vertebrata,Chondrichthyes,Rajiformes,Rajidae,Raja asterias,Starry ray,3.50,98.00,FD,RBC,NS,"Morescalchi, A. and E. Olmo (1982). Single-copy DNA and vertebrate phylogeny. Cytogenetics and Cell Genetics 34: 93-101.",,
Chordata,Vertebrata,Chondrichthyes,Rajiformes,Rajidae,Raja asterias,Starry ray,3.50,,FD,RBC,SC,"Stingo, V., M.-H. Du Buit, and G. Odierna (1980). Genome size of some selachian fishes. Bollettino di Zoologia 47: 129-137.","Stingo, V. (1986). Correlazioni tra quantita di DNA totale e DNA DAPI-positivo in Teleostei e Selachi. Basic and Applied Histochemistry 30 (Suppl.): 164.",
Chordata,Vertebrata,Chondrichthyes,Rajiformes,Rajidae,Raja clavata,Thornback ray,2.70,,FD,RBC,SC,"Stingo, V. (1979). New developments in vertebrate cytotaxonomy, II. The chromosomes of the cartilaginous fishes. Genetica 50: 227-239.",,
Chordata,Vertebrata,Chondrichthyes,Rajiformes,Rajidae,Raja clavata,Thornback ray,3.15,98.00,FD,RBC,SC,"Stingo, V., M.-H. Du Buit, and G. Odierna (1980). Genome size of some selachian fishes. Bollettino di Zoologia 47: 129-137.","Stingo, V. (1986). Correlazioni tra quantita di DNA totale e DNA DAPI-positivo in Teleostei e Selachi. Basic and Applied Histochemistry 30 (Suppl.): 164.",
Chordata,Vertebrata,Chondrichthyes,Rajiformes,Rajidae,Raja eglanteria,Clearnose skate,3.25,,FCM,RBC,GD,"Schwartz, F.J. and M.B. Maddock (1986). Comparisons of karyotypes and cellular DNA contents within and between major lines of elasmobranchs. In: Indo-Pacific Fish Biology, edited by T. Uyeno, R. Arai, T. Taniuchi and K. Matsuura. Ichthyological Society of",,
Chordata,Vertebrata,Chondrichthyes,Rajiformes,Rajidae,Raja eglanteria,Clearnose skate,3.55,,FCM,RBC,"GD, SS","Kendall, C., S. Valentino, A.B. Bodine, and C.A. Luer (1992). Flow cytometric DNA analysis of nurse shark, Ginglymostoma cirratum (Bonaterre) and clearnose skate, Raja eglanteria (Bosc) peripheral red blood cells. Journal of Fish Biology 41: 123-129.",,
Chordata,Vertebrata,Chondrichthyes,Rajiformes,Rajidae,Raja eglanteria,Clearnose skate,3.60,58.00,BFA,RBC,SP,"Hinegardner, R. (1976a). The cellular DNA content of sharks, rays and some other fishes. Comparative Biochemistry and Physiology 55B: 367-370.",,
Chordata,Vertebrata,Chondrichthyes,Rajiformes,Rajidae,Raja miraletus,Brown ray,3.80,,FD,RBC,SC,"Stingo, V. (1986). Correlazioni tra quantita di DNA totale e DNA DAPI-positivo in Teleostei e Selachi. Basic and Applied Histochemistry 30 (Suppl.): 164.","Stingo, V., T. Capriglione, L. Rocco, R. Improta, and A. Morescalchi (1989). Genome size and A-T rich DNA in selachians. Genetica 79: 197-205.",
Chordata,Vertebrata,Chondrichthyes,Rajiformes,Rajidae,Raja montagui,Spotted ray,3.45,,FD,RBC,NS,"Morescalchi, A. and E. Olmo (1982). Single-copy DNA and vertebrate phylogeny. Cytogenetics and Cell Genetics 34: 93-101.",,
Chordata,Vertebrata,Chondrichthyes,Rajiformes,Rajidae,Raja montagui,Spotted ray,3.45,,FD,RBC,SC,"Stingo, V. (1979). New developments in vertebrate cytotaxonomy, II. The chromosomes of the cartilaginous fishes. Genetica 50: 227-239.","Stingo, V., M.-H. Du Buit, and G. Odierna (1980). Genome size of some selachian fishes. Bollettino di Zoologia 47: 129-137.","Stingo, V. (1986). Correlazioni tra quantita di DNA totale e DNA DAPI-positivo in Teleostei e Selachi. Basic and Applied Histochemistry 30 (Suppl.): 164."
Chordata,Vertebrata,Chondrichthyes,Rajiformes,Rajidae,Rajella fyllae,Round ray,3.75,,FD,RBC,SC,"Stingo, V., T. Capriglione, L. Rocco, R. Improta, and A. Morescalchi (1989). Genome size and A-T rich DNA in selachians. Genetica 79: 197-205.",,
Chordata,Vertebrata,Chondrichthyes,Rajiformes,Rhinobatidae,Aptychotrema rostrata,East Australian shovelnose ray,2.99,,FIA,RBC,"BS, GD, OM, RP","Hardie, D.C. and P.D.N. Hebert (2003). The nucleotypic effects of cellular DNA content in cartilaginous and ray-finned fishes. Genome 46: 683-706.","Hardie, D.C. and P.D.N. Hebert (2004).  Genome-size evolution in fishes.  Canadian Journal of Fisheries and Aquatic Sciences 61: 1636-1646.  Click here to download data appendix.",
Chordata,Vertebrata,Chondrichthyes,Rajiformes,Rhinobatidae,Platyrhina sinensis,N/A,4.48,,FCM,RBC,"GD, HS","Chang, H.-Y., T.-K. Sang, K.-Y. Jan, and C.-T. Chen (1995). Cellular DNA contents and cell volumes of batoids. Copeia 1995: 571-576.",,
Chordata,Vertebrata,Chondrichthyes,Rajiformes,Rhinobatidae,Platyrhinoidis triseriata,Thornback guitarfish,7.70,64.00,BFA,RBC,SP,"Hinegardner, R. (1976a). The cellular DNA content of sharks, rays and some other fishes. Comparative Biochemistry and Physiology 55B: 367-370.",,
Chordata,Vertebrata,Chondrichthyes,Rajiformes,Rhinobatidae,Platyrhinoidis triseriata,Thornback guitarfish,7.75,,FCM,RBC,GD,"Schwartz, F.J. and M.B. Maddock (1986). Comparisons of karyotypes and cellular DNA contents within and between major lines of elasmobranchs. In: Indo-Pacific Fish Biology, edited by T. Uyeno, R. Arai, T. Taniuchi and K. Matsuura. Ichthyological Society of",,
Chordata,Vertebrata,Chondrichthyes,Rajiformes,Rhinobatidae,Rhinobatos cemiculus,Blackchin guitarfish,4.15,,FD,RBC,SC,"Stingo, V., T. Capriglione, L. Rocco, R. Improta, and A. Morescalchi (1989). Genome size and A-T rich DNA in selachians. Genetica 79: 197-205.",,
Chordata,Vertebrata,Chondrichthyes,Rajiformes,Rhinobatidae,Rhinobatos hynnicephalus,Angel fish,3.92,60.00,FCM,RBC,MM,"Ojima, Y. and K. Yamamoto (1990). Cellular DNA contents of fishes determined by flow cytometry. La Kromosomo II 57: 1871-1888.",,
Chordata,Vertebrata,Chondrichthyes,Rajiformes,Rhinobatidae,Rhinobatos productus,Shovelnose guitarfish,4.00,92.00,BFA,RBC,SP,"Hinegardner, R. (1976a). The cellular DNA content of sharks, rays and some other fishes. Comparative Biochemistry and Physiology 55B: 367-370.",,
Chordata,Vertebrata,Chondrichthyes,Rajiformes,Rhinobatidae,Rhinobatos productus,Shovelnose guitarfish,4.00,,FCM,RBC,GD,"Schwartz, F.J. and M.B. Maddock (1986). Comparisons of karyotypes and cellular DNA contents within and between major lines of elasmobranchs. In: Indo-Pacific Fish Biology, edited by T. Uyeno, R. Arai, T. Taniuchi and K. Matsuura. Ichthyological Society of",,
Chordata,Vertebrata,Chondrichthyes,Rajiformes,Rhinobatidae,Rhinobatos rhinobatos,Common guitarfish,4.00,,FD,RBC,SC,"Stingo, V., T. Capriglione, L. Rocco, R. Improta, and A. Morescalchi (1989). Genome size and A-T rich DNA in selachians. Genetica 79: 197-205.",,
Chordata,Vertebrata,Chondrichthyes,Rajiformes,Rhinobatidae,Rhinobatos schlegelii,Yellow guitarfish,2.46,64.00,FCM,RBC,"GD, HS","Chang, H.-Y., T.-K. Sang, K.-Y. Jan, and C.-T. Chen (1995). Cellular DNA contents and cell volumes of batoids. Copeia 1995: 571-576.",,
Chordata,Vertebrata,Chondrichthyes,Rajiformes,Rhinobatidae,Rhinobatos schlegelii,Yellow guitarfish,2.95,,FD,RBC,CP,"Asahida, T. and H. Ida (1995). Karyotype and cellular DNA content of a guitarfish, Rhinobates schlegelii. La Kromosomo II 79-80: 2725-2730.",,
Chordata,Vertebrata,Chondrichthyes,Rajiformes,Rhinobatidae,Zanobatus schoenleinii,Striped panray,5.85,,FD,RBC,SC,"Stingo, V., T. Capriglione, L. Rocco, R. Improta, and A. Morescalchi (1989). Genome size and A-T rich DNA in selachians. Genetica 79: 197-205.",,
Chordata,Vertebrata,Chondrichthyes,Rajiformes,Urolophidae,Urolophus aurantiacus,Ray,6.55,,FD,RBC,CP,"Asahida, T., H. Ida, and S. Inoue (1987). Karyotypes of three rays in the order Myliobatiformes. Japanese Journal of Ichthyology 33: 426-430.",,
Chordata,Vertebrata,Chondrichthyes,Rajiformes,Urolophidae,Urolophus aurantiacus,Ray,7.75,52.00,FCM,RBC,"GD, HS","Chang, H.-Y., T.-K. Sang, K.-Y. Jan, and C.-T. Chen (1995). Cellular DNA contents and cell volumes of batoids. Copeia 1995: 571-576.",,
Chordata,Vertebrata,Chondrichthyes,Rajiformes,Urolophidae,Urolophus halleri,Haller's round ray,6.50,72.00,BFA,RBC,SP,"Hinegardner, R. (1976a). The cellular DNA content of sharks, rays and some other fishes. Comparative Biochemistry and Physiology 55B: 367-370.",,
Chordata,Vertebrata,Chondrichthyes,Squaliformes,Centrophoridae,Centrophorus squamosus,Leafscale gulper shark,6.55,,FD,RBC,SC,"Stingo, V., M.-H. Du Buit, and G. Odierna (1980). Genome size of some selachian fishes. Bollettino di Zoologia 47: 129-137.",,
Chordata,Vertebrata,Chondrichthyes,Squaliformes,Centrophoridae,Deania calcea,Birdbeak dogfish,7.10,,FD,RBC,SC,"Stingo, V., M.-H. Du Buit, and G. Odierna (1980). Genome size of some selachian fishes. Bollettino di Zoologia 47: 129-137.",,
Chordata,Vertebrata,Chondrichthyes,Squaliformes,Centrophoridae,Deania calcea,Birdbeak dogfish,7.27,,FIA,RBC,"BS, GD, OM, RP","Hardie, D.C. and P.D.N. Hebert (2004).  Genome-size evolution in fishes.  Canadian Journal of Fisheries and Aquatic Sciences 61: 1636-1646.  Click here to download data appendix.",,
Chordata,Vertebrata,Chondrichthyes,Squaliformes,Dalatiidae,Centroscymnus coelolepis,Portuguese dogfish,10.13,,FIA,RBC,"BS, GD, OM, RP","Hardie, D.C. and P.D.N. Hebert (2003). The nucleotypic effects of cellular DNA content in cartilaginous and ray-finned fishes. Genome 46: 683-706.","Hardie, D.C. and P.D.N. Hebert (2004).  Genome-size evolution in fishes.  Canadian Journal of Fisheries and Aquatic Sciences 61: 1636-1646.  Click here to download data appendix.",
Chordata,Vertebrata,Chondrichthyes,Squaliformes,Dalatiidae,Centroscymnus coelolepis,Portuguese dogfish,11.85,,FD,RBC,SC,"Stingo, V., M.-H. Du Buit, and G. Odierna (1980). Genome size of some selachian fishes. Bollettino di Zoologia 47: 129-137.",,
Chordata,Vertebrata,Chondrichthyes,Squaliformes,Dalatiidae,Centroscymnus crepidater,Longnose velvet dogfish,11.58,,FIA,RBC,"BS, GD, OM, RP","Hardie, D.C. and P.D.N. Hebert (2003). The nucleotypic effects of cellular DNA content in cartilaginous and ray-finned fishes. Genome 46: 683-706.","Hardie, D.C. and P.D.N. Hebert (2004).  Genome-size evolution in fishes.  Canadian Journal of Fisheries and Aquatic Sciences 61: 1636-1646.  Click here to download data appendix.",
Chordata,Vertebrata,Chondrichthyes,Squaliformes,Dalatiidae,Centroscymnus crepidater,Longnose velvet dogfish,13.00,,FD,RBC,SC,"Stingo, V., M.-H. Du Buit, and G. Odierna (1980). Genome size of some selachian fishes. Bollettino di Zoologia 47: 129-137.",,
Chordata,Vertebrata,Chondrichthyes,Squaliformes,Dalatiidae,Centroscymnus owstoni,Roughskin dogfish,10.17,,FIA,RBC,"BS, GD, OM, RP","Hardie, D.C. and P.D.N. Hebert (2003). The nucleotypic effects of cellular DNA content in cartilaginous and ray-finned fishes. Genome 46: 683-706.","Hardie, D.C. and P.D.N. Hebert (2004).  Genome-size evolution in fishes.  Canadian Journal of Fisheries and Aquatic Sciences 61: 1636-1646.  Click here to download data appendix.",
Chordata,Vertebrata,Chondrichthyes,Squaliformes,Dalatiidae,Centroscymnus plunketi,Plunket shark,9.76,,FIA,RBC,"BS, GD, OM, RP","Hardie, D.C. and P.D.N. Hebert (2003). The nucleotypic effects of cellular DNA content in cartilaginous and ray-finned fishes. Genome 46: 683-706.","Hardie, D.C. and P.D.N. Hebert (2004).  Genome-size evolution in fishes.  Canadian Journal of Fisheries and Aquatic Sciences 61: 1636-1646.  Click here to download data appendix.",
Chordata,Vertebrata,Chondrichthyes,Squaliformes,Dalatiidae,Dalatias licha,Kitefin shark,9.10,,FD,RBC,SC,"Stingo, V., M.-H. Du Buit, and G. Odierna (1980). Genome size of some selachian fishes. Bollettino di Zoologia 47: 129-137.",,
Chordata,Vertebrata,Chondrichthyes,Squaliformes,Dalatiidae,Etmopterus brachyurus,Shorttail lantern shark,11.89,,FIA,RBC,"BS, GD, OM, RP","Hardie, D.C. and P.D.N. Hebert (2003). The nucleotypic effects of cellular DNA content in cartilaginous and ray-finned fishes. Genome 46: 683-706.","Hardie, D.C. and P.D.N. Hebert (2004).  Genome-size evolution in fishes.  Canadian Journal of Fisheries and Aquatic Sciences 61: 1636-1646.  Click here to download data appendix.",
Chordata,Vertebrata,Chondrichthyes,Squaliformes,Dalatiidae,Etmopterus granulosus,Southern lanternshark,12.71,,FIA,RBC,"BS, GD, OM, RP","Hardie, D.C. and P.D.N. Hebert (2003). The nucleotypic effects of cellular DNA content in cartilaginous and ray-finned fishes. Genome 46: 683-706.","Hardie, D.C. and P.D.N. Hebert (2004).  Genome-size evolution in fishes.  Canadian Journal of Fisheries and Aquatic Sciences 61: 1636-1646.  Click here to download data appendix.",
Chordata,Vertebrata,Chondrichthyes,Squaliformes,Dalatiidae,Etmopterus pusillus,Smooth lanternshark,8.11,86.00,FCM,RBC,MM,"Ojima, Y. and K. Yamamoto (1990). Cellular DNA contents of fishes determined by flow cytometry. La Kromosomo II 57: 1871-1888.",,
Chordata,Vertebrata,Chondrichthyes,Squaliformes,Dalatiidae,Etmopterus spinax,Velvet belly,16.15,86.00,FD,RBC,SC,"Stingo, V., M.-H. Du Buit, and G. Odierna (1980). Genome size of some selachian fishes. Bollettino di Zoologia 47: 129-137.",,
Chordata,Vertebrata,Chondrichthyes,Squaliformes,Dalatiidae,Oxynotus bruniensis,Prickly dogfish,12.49,,FIA,RBC,"BS, GD, OM, RP","Hardie, D.C. and P.D.N. Hebert (2003). The nucleotypic effects of cellular DNA content in cartilaginous and ray-finned fishes. Genome 46: 683-706.","Hardie, D.C. and P.D.N. Hebert (2004).  Genome-size evolution in fishes.  Canadian Journal of Fisheries and Aquatic Sciences 61: 1636-1646.  Click here to download data appendix.",
Chordata,Vertebrata,Chondrichthyes,Squaliformes,Dalatiidae,Oxynotus centrina,Angular roughshark,17.05,62.00,FD,RBC,SC,"Stingo, V. (1986). Correlazioni tra quantita di DNA totale e DNA DAPI-positivo in Teleostei e Selachi. Basic and Applied Histochemistry 30 (Suppl.): 164.","Stingo, V., T. Capriglione, L. Rocco, R. Improta, and A. Morescalchi (1989). Genome size and A-T rich DNA in selachians. Genetica 79: 197-205.",
Chordata,Vertebrata,Chondrichthyes,Squaliformes,Dalatiidae,Scymnodon ringens,Knifetooth dogfish,8.20,,FD,RBC,SC,"Stingo, V., T. Capriglione, L. Rocco, R. Improta, and A. Morescalchi (1989). Genome size and A-T rich DNA in selachians. Genetica 79: 197-205.",,
Chordata,Vertebrata,Chondrichthyes,Squaliformes,Dalatiidae,Somniosus microcephalus,Greenland shark,10.62,,FD,RBC,SC,"Stingo, V., M.-H. Du Buit, and G. Odierna (1980). Genome size of some selachian fishes. Bollettino di Zoologia 47: 129-137.",,
Chordata,Vertebrata,Chondrichthyes,Squaliformes,Squalidae,Squalus acanthias,Piked dogfish shark,5.80,,FIA,RBC,"BS, GD, OM, RP","Hardie, D.C. and P.D.N. Hebert (2003). The nucleotypic effects of cellular DNA content in cartilaginous and ray-finned fishes. Genome 46: 683-706.","Hardie, D.C. and P.D.N. Hebert (2004).  Genome-size evolution in fishes.  Canadian Journal of Fisheries and Aquatic Sciences 61: 1636-1646.  Click here to download data appendix.",
Chordata,Vertebrata,Chondrichthyes,Squaliformes,Squalidae,Squalus acanthias,Piked dogfish shark,6.00,,BFA,RBC,SP,"Hinegardner, R. (1976a). The cellular DNA content of sharks, rays and some other fishes. Comparative Biochemistry and Physiology 55B: 367-370.",,
Chordata,Vertebrata,Chondrichthyes,Squaliformes,Squalidae,Squalus acanthias,Piked dogfish shark,6.88,60.00,FD,RBC,MM,"Pedersen, R.A. (1971). DNA content, ribosomal gene multiplicity, and cell size in fish. Journal of Experimental Zoology 177: 65-79.",,
Chordata,Vertebrata,Chondrichthyes,Squaliformes,Squalidae,Squalus acanthias,Piked dogfish shark,7.00,,FCM,RBC,GD,"Schwartz, F.J. and M.B. Maddock (1986). Comparisons of karyotypes and cellular DNA contents within and between major lines of elasmobranchs. In: Indo-Pacific Fish Biology, edited by T. Uyeno, R. Arai, T. Taniuchi and K. Matsuura. Ichthyological Society of",,
Chordata,Vertebrata,Chondrichthyes,Squaliformes,Squalidae,Squalus acanthias,Piked dogfish shark,7.20,,FD,RBC,SC,"Stingo, V. (1979). New developments in vertebrate cytotaxonomy, II. The chromosomes of the cartilaginous fishes. Genetica 50: 227-239.","Stingo, V., M.-H. Du Buit, and G. Odierna (1980). Genome size of some selachian fishes. Bollettino di Zoologia 47: 129-137.",
Chordata,Vertebrata,Chondrichthyes,Squatiniformes,Squatinidae,Squatina australis,Australian angelshark,16.41,,FIA,RBC,"BS, GD, OM, RP","Hardie, D.C. and P.D.N. Hebert (2003). The nucleotypic effects of cellular DNA content in cartilaginous and ray-finned fishes. Genome 46: 683-706.","Hardie, D.C. and P.D.N. Hebert (2004).  Genome-size evolution in fishes.  Canadian Journal of Fisheries and Aquatic Sciences 61: 1636-1646.  Click here to download data appendix.",
Chordata,Vertebrata,Chondrichthyes,Squatiniformes,Squatinidae,Squatina californica,Pacific angelshark,9.30,88.00,BFA,RBC,SP,"Hinegardner, R. (1976a). The cellular DNA content of sharks, rays and some other fishes. Comparative Biochemistry and Physiology 55B: 367-370.",,
Chordata,Vertebrata,Chondrichthyes,Squatiniformes,Squatinidae,Squatina squatina,Angelshark,9.80,,BFA,RBC,SP,"Hinegardner, R. (1976a). The cellular DNA content of sharks, rays and some other fishes. Comparative Biochemistry and Physiology 55B: 367-370.",,
Chordata,Vertebrata,Chondrichthyes,Torpediniformes,Narcinidae,Benthobatis moresbyi,N/A,7.37,,FCM,RBC,"GD, HS","Chang, H.-Y., T.-K. Sang, K.-Y. Jan, and C.-T. Chen (1995). Cellular DNA contents and cell volumes of batoids. Copeia 1995: 571-576.",,
Chordata,Vertebrata,Chondrichthyes,Torpediniformes,Narcinidae,Crassinarke dormitor,N/A,12.04,,FCM,RBC,"GD, HS","Chang, H.-Y., T.-K. Sang, K.-Y. Jan, and C.-T. Chen (1995). Cellular DNA contents and cell volumes of batoids. Copeia 1995: 571-576.",,
Chordata,Vertebrata,Chondrichthyes,Torpediniformes,Narcinidae,Narcine brasiliensis,Brazilian electric ray,4.20,28.00,BFA,RBC,SP,"Hinegardner, R. (1976a). The cellular DNA content of sharks, rays and some other fishes. Comparative Biochemistry and Physiology 55B: 367-370.",,
Chordata,Vertebrata,Chondrichthyes,Torpediniformes,Narcinidae,Narke japonica,Japanese spotted torpedo,10.50-12.00,54.00,FD,RBC,CP,"Asahida, T. and H. Ida (1990). Karyotypes of two rays, Torpedo tokionis and Dasyatis matsubarai, and their systematic relationships. Japanese Journal of Ichthyology 37: 71-75.",,
Chordata,Vertebrata,Chondrichthyes,Torpediniformes,Torpedinidae,Torpedo californica,Pacific electric ray,7.30,82.00,BFA,RBC,SP,"Hinegardner, R. (1976a). The cellular DNA content of sharks, rays and some other fishes. Comparative Biochemistry and Physiology 55B: 367-370.",,
Chordata,Vertebrata,Chondrichthyes,Torpediniformes,Torpedinidae,Torpedo marmorata,Common crampfish,7.00,86.00,FD,RBC,NS,"Morescalchi, A. and E. Olmo (1982). Single-copy DNA and vertebrate phylogeny. Cytogenetics and Cell Genetics 34: 93-101.",,
Chordata,Vertebrata,Chondrichthyes,Torpediniformes,Torpedinidae,Torpedo marmorata,Common crampfish,7.00,,FD,RBC,SC,"Stingo, V. (1976). Cariologia di due torpedini italiane. Bollettino di Zoologia 43: 406-407.","Stingo, V., M.-H. Du Buit, and G. Odierna (1980). Genome size of some selachian fishes. Bollettino di Zoologia 47: 129-137.","Stingo, V. (1986). Correlazioni tra quantita di DNA totale e DNA DAPI-positivo in Teleostei e Selachi. Basic and Applied Histochemistry 30 (Suppl.): 164."
Chordata,Vertebrata,Chondrichthyes,Torpediniformes,Torpedinidae,Torpedo nobiliana,Electric ray,7.06,,FCM,RBC,"GD, HS","Chang, H.-Y., T.-K. Sang, K.-Y. Jan, and C.-T. Chen (1995). Cellular DNA contents and cell volumes of batoids. Copeia 1995: 571-576.",,
Chordata,Vertebrata,Chondrichthyes,Torpediniformes,Torpedinidae,Torpedo torpedo,Common torpedo,7.50,66.00,FD,RBC,NS,"Morescalchi, A. and E. Olmo (1982). Single-copy DNA and vertebrate phylogeny. Cytogenetics and Cell Genetics 34: 93-101.",,
Chordata,Vertebrata,Chondrichthyes,Torpediniformes,Torpedinidae,Torpedo torpedo,Common torpedo,7.50,,FD,RBC,SC,"Stingo, V. (1976). Cariologia di due torpedini italiane. Bollettino di Zoologia 43: 406-407.",,
Chordata,Vertebrata,Chondrichthyes,Torpediniformes,Torpedinidae,Torpedo torpedo,Common torpedo,7.70,,NS,NS,GD,"Vialli, M. (1957a). Volume et contenu en ADN par noyau. Experimental Cell Research Suppl. 4: 284-293.",,
